-- ============================================================
-- 房产管理系统 - Spring Boot 初始化数据脚本
-- ============================================================

-- 住房标准表
INSERT IGNORE INTO house_standard (id, area, min_score) VALUES
(1, 45.00, 30),
(2, 60.00, 50),
(3, 90.00, 80),
(4, 120.00, 120),
(5, 150.00, 160);

-- 房产表
INSERT IGNORE INTO house (house_no, area, status, rent_per_sqm) VALUES
('教工A栋-101', 120.00, 1, 15.00),
('教工A栋-102', 90.00, 1, 15.00),
('教工B栋-201', 60.00, 1, 12.00),
('教工B栋-202', 90.00, 1, 12.00),
('教工C栋-301', 60.00, 1, 10.00),
('教工C栋-302', 45.00, 0, 10.00),
('人才公寓D栋-401', 150.00, 0, 20.00),
('人才公寓D栋-402', 120.00, 0, 20.00),
('青年公寓E栋-501', 45.00, 0, 18.00),
('青年公寓E栋-502', 60.00, 0, 18.00);

-- 住户表
INSERT IGNORE INTO resident (id, owner_name, department, title, family_size, score, house_no, house_area) VALUES
(1, '张教授', '计算机工程学院', '教授', 4, 135, '教工A栋-101', 120.00),
(2, '李科长', '后勤管理处', '科长', 3, 95, '教工A栋-102', 90.00),
(3, '王研究员', '软件工程学院', '研究员', 2, 75, '教工B栋-201', 60.00),
(4, '赵工程师', '网络中心', '工程师', 3, 88, '教工B栋-202', 90.00),
(5, '孙实验员', '理学院', '实验员', 1, 55, '教工C栋-301', 60.00);

-- 房租表
INSERT IGNORE INTO rent_bill (id, house_no, owner_name, bill_month, rent_amount, create_time) VALUES
(1, '教工A栋-101', '张教授', '2026-04', 1800.00, '2026-04-30'),
(2, '教工A栋-102', '李科长', '2026-04', 1350.00, '2026-04-30'),
(3, '教工B栋-201', '王研究员', '2026-04', 720.00, '2026-04-30'),
(4, '教工B栋-202', '赵工程师', '2026-04', 1080.00, '2026-04-30'),
(5, '教工C栋-301', '孙实验员', '2026-04', 600.00, '2026-04-30'),
(6, '教工A栋-101', '张教授', '2026-05', 1800.00, '2026-05-31'),
(7, '教工A栋-102', '李科长', '2026-05', 1350.00, '2026-05-31'),
(8, '教工B栋-201', '王研究员', '2026-05', 720.00, '2026-05-31'),
(9, '教工B栋-202', '赵工程师', '2026-05', 1080.00, '2026-05-31'),
(10, '教工C栋-301', '孙实验员', '2026-05', 600.00, '2026-05-31');

-- 申请表（测试数据）
INSERT IGNORE INTO application (apply_no, applicant_name, department, apply_type, apply_status, req_area, old_house_no, allocated_house_no, title, family_size, score, reject_reason, create_time, process_time) VALUES
-- 排队中 - 分房
('APP-202606-01', '吴讲师', '外国语学院', 1, 0, 60.00, NULL, NULL, '讲师', 3, 80, NULL, '2026-06-01 09:00:00', NULL),
-- 排队中 - 调房
('APP-202606-02', '王研究员', '软件工程学院', 2, 0, 90.00, '教工B栋-201', NULL, '研究员', 2, 75, NULL, '2026-06-02 10:30:00', NULL),
-- 排队中 - 退房
('APP-202606-03', '孙实验员', '理学院', 3, 0, NULL, '教工C栋-301', NULL, NULL, NULL, NULL, NULL, '2026-06-03 14:00:00', NULL),
-- 已通过（分房）
('APP-202603-15', '郑干事', '教务处', 1, 1, 90.00, NULL, '教工B栋-203', '干事', 2, 60, NULL, '2026-03-15 08:00:00', '2026-03-31 23:00:00'),
-- 已通过（调房）
('APP-202604-10', '周教授', '材料学院', 2, 1, 120.00, '教工B栋-203', '教工A栋-103', '教授', 4, 130, NULL, '2026-04-10 11:00:00', '2026-04-30 22:00:00'),
-- 已驳回
('APP-202605-05', '钱保安', '保卫处', 1, 2, 120.00, NULL, NULL, NULL, 3, NULL, '分数未达到120㎡住房标准（需120分）', '2026-05-05 16:00:00', '2026-05-05 16:30:00'),
('APP-202605-20', '冯助教', '马克思主义学院', 2, 2, 150.00, '教工C栋-302', NULL, '助教', 1, 50, '分数未达到150㎡住房标准（需160分）', '2026-05-20 09:00:00', '2026-05-20 09:20:00');
